Date;DL;UL;Ping
2018-03-19 10:33:00;197.35;12.33;21.890
2018-03-19 10:37:00;190.35;12.29;17.413
2018-03-19 10:40:00;177.75;9.13;21.589
2018-03-19 10:48:00;147.61;12.02;20.218
2018-03-19 10:49:00;194.15;12.12;17.934
2018-03-19 10:51:00;194.24;12.10;18.225
2018-03-19 10:58:00;183.40;12.15;18.333
2018-03-19 11:00:00;103.59;12.53;19.514
2018-03-19 11:02:00;187.38;12.13;17.756
2018-03-19 11:10:00;189.96;12.25;16.493
2018-03-19 11:12:00;190.48;12.32;17.784
2018-03-19 11:15:00;199.29;12.47;17.858
2018-03-19 11:19:00;107.54;12.34;17.418
2018-03-19 11:23:00;197.55;12.03;20.723
2018-03-19 11:32:00;197.34;12.41;19.008
2018-03-19 11:42:00;175.04;12.47;17.770
2018-03-19 11:52:00;188.10;12.10;16.906
2018-03-19 12:02:00;190.80;11.94;18.728
2018-03-19 12:12:00;185.82;11.97;19.095
2018-03-19 12:22:00;132.83;12.29;20.359
2018-03-19 12:32:00;185.15;12.24;18.794
2018-03-19 12:42:00;167.28;12.39;18.314
2018-03-19 12:52:00;181.51;12.44;19.246
2018-03-19 13:02:00;174.05;12.41;19.759
2018-03-19 13:12:00;187.66;12.41;18.016
2018-03-19 13:22:00;189.20;12.21;16.742
2018-03-19 13:33:00;186.59;12.57;19.332
2018-03-19 13:43:00;173.83;12.08;19.357
2018-03-19 13:53:00;145.29;12.32;19.985
2018-03-19 14:03:00;172.46;12.30;19.960
2018-03-19 14:13:00;182.88;12.03;18.238
2018-03-19 14:23:00;135.08;12.60;27.666
2018-03-19 14:33:00;10.34;12.19;20.853
2018-03-19 14:43:00;116.70;12.18;20.553
2018-03-19 14:53:00;178.57;12.51;18.117
2018-03-19 15:03:00;108.06;12.32;18.807
2018-03-19 15:13:00;184.52;12.51;24.703
2018-03-19 15:23:00;177.70;12.23;17.697
2018-03-19 15:33:00;79.52;12.26;20.839
2018-03-19 15:43:00;115.17;12.21;19.153
2018-03-19 15:53:00;181.17;12.26;18.412
2018-03-19 16:03:00;153.89;12.24;17.195
2018-03-19 16:13:00;109.54;12.53;21.827
2018-03-19 16:23:00;163.38;12.42;20.519
2018-03-19 16:33:00;158.30;12.43;19.337
2018-03-19 16:43:00;142.20;12.31;19.616
2018-03-19 17:08:36;55.64;12.42;21.509
2018-03-19 17:11:06;140.84;12.23;19.367
2018-03-19 17:16:01;43.66;12.15;28.331
2018-03-19 17:26:02;154.61;12.33;17.954
2018-03-19 17:34:22;114.1;12.32;28.514
2018-03-19 17:35:58;100.27;12.16;22.694
2018-03-19 17:38:31;80.31;12.34;32.632
2018-03-19 17:48:31;80.02;12.46;21.88
2018-03-19 17:58:31;78.22;12.37;22.016
2018-03-19 18:08:34;77.26;12.37;25.588
2018-03-19 18:18:31;70.97;11.93;28.067
2018-03-19 18:20:54;61.71;12.22;20.524
2018-03-19 18:21:35;60.74;12.39;21.535
2018-03-19 18:22:37;90.76;12.5;21.871
2018-03-19 18:27:57;85.92;12.16;26.444
2018-03-19 18:29:10;80.41;12.62;19.519
2018-03-19 18:39:08;117.25;12.34;24.739
2018-03-19 18:44:44;29.12;12.43;38.681
2018-03-19 18:54:41;40.18;12.14;33.619
2018-03-19 19:04:38;64.19;12.33;25.086
2018-03-19 19:14:38;30.51;12.25;22.344
2018-03-19 19:24:38;19.23;12.38;36.505
2018-03-19 19:34:41;12.04;12.15;34.696
2018-03-19 19:44:37;29.51;12.28;25.548
2018-03-19 19:54:36;10.77;9.42;57.005
2018-03-19 20:04:37;8.68;9.24;28.084
2018-03-19 20:14:31;8.99;7.71;64.17
2018-03-19 20:24:28;10.94;12.51;41.885
2018-03-19 20:34:31;8.66;12.54;50.844
2018-03-19 20:44:30;10.4;12.08;30.777
2018-03-19 20:54:34;16.02;9.08;36.673
2018-03-19 21:04:31;9.02;12.18;35.386
2018-03-19 21:14:29;8.9;11.74;44.095
2018-03-19 21:24:29;7.47;12.34;39.382
2018-03-19 21:34:29;8.59;12.5;24.063
2018-03-19 21:44:29;8.67;12.41;38.393
2018-03-19 21:54:30;5.5;12.34;35.527
2018-03-19 22:04:32;8.83;12.22;30.121
2018-03-19 22:14:33;7.66;11.45;56.436
2018-03-19 22:24:32;13.83;12.37;48.836
2018-03-19 22:34:34;10.88;12.29;56.188
2018-03-19 22:44:31;10.77;12.32;28.044
2018-03-19 22:54:32;14.82;12.27;31.437
2018-03-19 23:04:31;20.6;12.06;34.642
2018-03-19 23:14:32;15.73;12.33;50.533
2018-03-19 23:24:35;43.54;12.26;36.331
2018-03-19 23:34:32;45.01;11.99;32.836
2018-03-19 23:44:31;135.13;12.34;22.09
2018-03-19 23:54:31;168.68;12.41;19.348
2018-03-20 00:04:34;178.7;12.47;17.119
2018-03-20 00:14:31;166.32;12.35;19.803
2018-03-20 00:24:31;154.58;12.25;24.974
2018-03-20 00:34:31;126.66;12.4;22.502
2018-03-20 00:44:31;108.2;12.26;20.007
2018-03-20 00:54:31;156.3;12.37;17.855
2018-03-20 01:04:31;185.45;12.16;18.517
2018-03-20 01:14:33;188.02;12.57;19.783
2018-03-20 01:24:31;190.39;12.39;16.302
2018-03-20 01:34:35;195.84;12.32;18.896
2018-03-20 01:44:31;190.82;12.19;18.537
2018-03-20 01:54:32;195.3;12.14;18.504
2018-03-20 02:04:31;196.2;12.32;18.301
2018-03-20 02:14:32;189.01;12.39;17.818
2018-03-20 02:24:32;178.8;12.42;17.801
2018-03-20 02:34:34;144.53;12.23;17.594
2018-03-20 02:44:32;196.98;12.42;15.402
2018-03-20 02:54:32;194.64;12.58;16.692
2018-03-20 03:04:34;190.07;12.15;16.97
2018-03-20 03:14:32;189.98;12.34;15.589
2018-03-20 03:24:32;194.33;12.38;17.605
2018-03-20 03:34:32;201.13;12.3;17.789
2018-03-20 03:44:32;193.01;11.98;17.256
2018-03-20 03:54:32;159.89;12.5;17.15
2018-03-20 04:04:32;188.79;12.28;16.549
2018-03-20 04:14:33;195.46;12.17;20.073
2018-03-20 04:24:33;194.91;12.07;16.557
2018-03-20 04:34:33;192.73;12.3;17.325
2018-03-20 04:44:33;193.9;11.91;17.854
2018-03-20 04:54:34;195.14;12.21;15.095
2018-03-20 05:04:33;176.9;12.55;15.628
2018-03-20 05:14:34;196.36;12.32;16.401
2018-03-20 05:24:34;192.05;11.33;16.692
2018-03-20 05:34:33;193.16;12.4;16.005
2018-03-20 05:44:33;195.52;12.48;16.822
2018-03-20 05:54:33;190.13;12.35;18.188
2018-03-20 06:04:33;170.88;12.44;19.569
2018-03-20 06:14:33;187.54;12.28;17.809
2018-03-20 06:24:34;191.97;12.37;16.601
2018-03-20 06:34:34;136.29;12.29;20.248
2018-03-20 06:44:34;193.92;12.01;16.255
2018-03-20 06:54:38;184.81;12.14;17.89
2018-03-20 07:04:34;64.69;12.29;18.061
2018-03-20 07:14:34;148.54;12.14;16.799
2018-03-20 07:24:34;196.52;12.07;19.141
2018-03-20 07:34:35;192.52;12.32;17.285
2018-03-20 07:44:34;195.64;12.22;18.794
2018-03-20 07:54:34;198.62;12.37;16.691
2018-03-20 08:04:37;134.52;12.38;16.734
2018-03-20 08:14:42;189.26;10.05;18.4
2018-03-20 08:24:35;198.31;12.25;17.687
2018-03-20 08:34:34;145.94;12.24;17.567
2018-03-20 08:44:34;160.63;12.3;19.39
2018-03-20 08:54:35;192.45;12.08;17.97
2018-03-20 09:04:35;187.28;12.27;17.936
2018-03-20 09:14:36;181.47;11.94;23.567
2018-03-20 09:24:38;194.92;12.55;21.682
2018-03-20 09:34:36;184.44;12.41;21.311
2018-03-20 09:44:36;170.8;12.48;23.305
2018-03-20 09:54:35;100.65;12.61;21.101
2018-03-20 10:04:36;177.58;12.56;20.28
2018-03-20 10:14:39;195.58;12.14;15.923
2018-03-20 10:24:36;190.9;12.56;20.377
2018-03-20 10:34:39;190.65;12.39;18.097
2018-03-20 10:44:36;165.01;12.22;17.007
2018-03-20 10:54:37;183.6;12.62;15.97
2018-03-20 11:04:36;196.35;12.35;22.132
2018-03-20 11:14:36;175.85;12.44;22.535
2018-03-20 11:24:36;189.65;12.05;17.561
2018-03-20 11:34:36;186.98;12.15;19.567
2018-03-20 11:44:36;174.78;12.32;19.382
2018-03-20 11:54:37;190.0;12.23;18.132
2018-03-20 12:04:37;175.5;12.4;18.124
2018-03-20 12:14:37;183.94;12.26;20.309
2018-03-20 12:24:37;165.19;12.27;18.936
2018-03-20 12:34:37;186.52;12.56;18.26
2018-03-20 12:44:37;174.72;12.43;17.016
2018-03-20 12:54:37;162.96;12.11;21.551
2018-03-20 13:04:37;125.33;12.28;19.76
2018-03-20 13:14:38;122.46;12.22;21.45
2018-03-20 13:24:38;169.96;12.57;18.268
2018-03-20 13:34:37;182.76;12.18;20.02
2018-03-20 13:44:38;150.68;12.05;18.938
2018-03-20 13:54:38;178.84;12.39;20.79
2018-03-20 14:04:38;82.49;12.14;26.649
2018-03-20 14:14:38;140.6;12.51;19.126
2018-03-20 14:24:38;142.7;12.4;18.658
2018-03-20 14:34:38;135.26;11.96;17.762
2018-03-20 14:44:38;125.76;12.18;20.876
2018-03-20 14:54:38;159.82;12.35;23.807
2018-03-20 15:04:44;163.41;12.12;22.136
2018-03-20 15:14:39;106.91;12.19;27.867
2018-03-20 15:24:39;102.12;12.38;18.104
2018-03-20 15:34:39;113.16;12.19;23.433
2018-03-20 15:44:39;157.86;12.47;21.312
2018-03-20 15:54:39;76.32;12.36;25.83
2018-03-20 16:04:41;55.48;12.0;24.347
2018-03-20 16:14:40;96.41;11.92;21.372
2018-03-20 16:24:41;70.36;12.04;35.08
2018-03-20 16:34:42;28.21;12.46;41.625
2018-03-20 16:45:11;26.56;10.69;38.218
2018-03-20 16:46:20;37.37;9.31;31.05
2018-03-20 16:56:17;33.95;12.17;29.993
2018-03-20 17:06:19;32.13;12.24;38.755
2018-03-20 17:16:20;21.25;12.16;29.634
2018-03-20 17:26:17;21.66;12.51;29.622
2018-03-20 17:36:14;33.25;12.04;30.997
2018-03-20 17:44:49;23.14;12.22;32.953
2018-03-20 17:54:51;20.33;12.12;29.453
2018-03-20 18:04:49;29.95;12.43;31.278
2018-03-20 18:14:51;14.51;12.17;48.27
2018-03-20 18:24:50;15.87;12.29;37.669
2018-03-20 18:34:50;14.39;12.31;40.731
2018-03-20 18:44:51;18.67;12.33;53.229
2018-03-20 18:54:51;13.44;12.07;35.698
2018-03-20 19:04:50;12.08;12.13;39.123
2018-03-20 19:14:50;14.64;12.37;37.647
2018-03-20 19:24:51;10.41;12.12;37.144
2018-03-20 19:34:52;12.45;12.28;50.754
2018-03-20 19:44:56;5.78;3.58;57.496
2018-03-20 19:55:00;4.88;4.57;37.748
2018-03-20 20:04:56;7.91;7.86;42.929
2018-03-20 20:14:53;10.7;8.03;44.398
2018-03-20 20:24:52;9.47;12.28;38.908
2018-03-20 20:34:54;7.21;12.03;51.099
2018-03-20 20:44:52;7.55;11.55;39.783
2018-03-20 20:54:53;6.2;12.03;59.265
2018-03-20 21:04:54;5.16;11.84;61.787
2018-03-20 21:14:52;6.28;11.96;37.279
2018-03-20 21:24:51;6.7;8.51;16.923
2018-03-20 21:34:53;5.63;11.66;45.309
2018-03-20 21:44:55;6.84;10.45;32.551
2018-03-20 21:54:54;6.37;11.84;45.184
2018-03-20 22:04:53;7.37;12.34;41.629
2018-03-20 22:14:53;7.13;12.34;48.304
2018-03-20 22:24:53;6.34;12.05;37.623
2018-03-20 22:34:55;9.54;12.12;65.495
2018-03-20 22:44:54;7.81;11.89;39.794
2018-03-20 22:54:52;10.69;11.4;50.463
2018-03-20 23:04:50;10.91;12.38;43.487
2018-03-20 23:14:47;11.2;12.09;42.761
2018-03-20 23:24:48;14.56;11.74;43.736
2018-03-20 23:34:44;26.89;12.12;45.789
2018-03-20 23:44:41;38.51;12.44;31.655
2018-03-20 23:54:39;53.91;12.47;31.654
2018-03-21 00:04:37;91.64;12.55;25.894
2018-03-21 00:14:37;117.56;12.54;20.808
2018-03-21 00:24:36;150.49;12.33;18.069
2018-03-21 00:34:35;110.81;11.52;20.722
2018-03-21 00:44:35;146.35;10.53;17.822
2018-03-21 00:54:31;169.78;12.45;20.144
2018-03-21 01:04:29;192.7;12.08;20.587
2018-03-21 01:14:27;187.01;12.03;17.782
2018-03-21 01:24:25;193.36;12.38;16.118
2018-03-21 01:34:23;143.56;12.5;15.345
2018-03-21 01:44:22;185.73;12.48;17.754
2018-03-21 01:54:20;185.27;12.34;16.892
2018-03-21 02:04:18;195.54;12.4;17.145
2018-03-21 02:14:16;184.32;12.0;16.064
2018-03-21 02:24:14;181.88;12.46;15.055
2018-03-21 02:34:12;195.05;12.44;15.176
2018-03-21 02:44:10;196.68;12.46;18.186
2018-03-21 02:54:09;198.29;12.08;23.752
2018-03-21 03:04:07;198.12;12.39;16.206
2018-03-21 03:14:06;197.27;12.15;17.037
2018-03-21 03:24:04;192.02;12.19;16.133
2018-03-21 03:34:02;191.47;12.42;17.344
2018-03-21 03:44:01;186.29;12.2;18.285
2018-03-21 03:53:58;198.43;12.27;17.368
2018-03-21 04:03:56;194.52;12.42;18.672
2018-03-21 04:13:54;187.8;12.51;18.12
2018-03-21 04:23:53;192.15;12.48;17.363
2018-03-21 04:33:51;186.2;11.13;18.421
2018-03-21 04:43:49;184.67;12.34;18.263
2018-03-21 04:53:47;198.53;12.41;19.121
2018-03-21 05:03:45;196.95;12.29;18.502
2018-03-21 05:13:43;169.34;12.36;17.238
2018-03-21 05:23:41;191.57;12.3;16.113
2018-03-21 05:33:42;194.1;12.19;14.829
2018-03-21 05:43:37;185.92;12.4;16.466
2018-03-21 05:53:36;140.83;12.25;18.955
2018-03-21 06:03:34;166.91;12.32;17.311
2018-03-21 06:13:33;195.98;12.18;16.162
2018-03-21 06:23:31;175.93;12.54;16.051
2018-03-21 06:33:32;194.36;12.64;19.271
2018-03-21 06:43:27;192.6;12.4;15.932
2018-03-21 06:53:26;196.33;12.08;17.846
2018-03-21 07:03:24;189.88;12.56;20.721
2018-03-21 07:13:22;195.5;12.27;16.765
2018-03-21 07:23:21;193.86;12.43;20.898
2018-03-21 07:33:19;193.13;12.29;15.894
2018-03-21 07:43:17;190.53;12.32;16.626
2018-03-21 07:53:16;196.11;12.51;17.965
2018-03-21 08:03:14;180.88;12.34;21.377
2018-03-21 08:13:13;195.32;12.11;18.679
2018-03-21 08:23:11;178.01;7.52;17.54
2018-03-21 08:33:12;181.87;12.2;18.304
2018-03-21 08:43:09;197.2;12.2;17.75
2018-03-21 08:53:06;188.4;12.21;17.933
2018-03-21 09:03:04;188.13;12.38;18.971
2018-03-21 09:13:06;160.37;12.48;19.613
2018-03-21 09:23:00;191.76;12.37;18.455
2018-03-21 09:32:58;186.23;12.1;20.807
2018-03-21 09:42:56;193.52;12.06;21.012
2018-03-21 09:52:51;193.67;12.35;19.75
2018-03-21 10:02:48;188.05;12.3;18.678
2018-03-21 10:12:46;192.18;12.22;16.623
2018-03-21 10:22:44;184.62;12.33;19.093
2018-03-21 10:32:41;179.86;12.36;19.584
2018-03-21 10:42:39;177.33;12.2;17.92
2018-03-21 10:52:38;192.87;12.24;17.678
2018-03-21 11:02:36;137.91;12.27;19.235
2018-03-21 11:12:35;185.92;12.35;17.649
2018-03-21 11:22:33;191.77;12.23;18.01
2018-03-21 11:32:31;69.47;12.33;18.482
2018-03-21 11:42:38;189.08;11.81;18.956
2018-03-21 11:52:26;104.05;11.7;19.004
2018-03-21 12:02:24;137.75;12.16;18.225
2018-03-21 12:12:25;152.46;12.23;18.883
2018-03-21 12:22:26;181.62;12.21;19.011
2018-03-21 12:32:25;168.89;12.26;21.514
2018-03-21 12:42:26;130.19;12.34;19.461
2018-03-21 12:52:26;192.56;12.19;16.368
2018-03-21 13:02:26;168.79;12.0;20.558
2018-03-21 13:12:26;183.37;12.15;19.366
2018-03-21 13:22:28;157.68;12.11;17.705
2018-03-21 13:32:26;179.97;12.33;21.815
2018-03-21 13:42:27;160.03;12.28;17.092
2018-03-21 13:52:27;177.48;12.2;18.711
2018-03-21 14:02:27;191.4;12.06;17.437
2018-03-21 14:12:28;159.41;12.26;19.814
2018-03-21 14:22:28;133.63;12.39;22.731
2018-03-21 14:32:28;122.54;12.38;20.132
2018-03-21 14:42:28;189.93;12.22;21.753
2018-03-21 14:52:29;181.6;12.3;21.801
2018-03-21 15:02:29;184.51;12.21;22.938
2018-03-21 15:12:29;181.73;12.47;16.808
2018-03-21 15:22:29;153.15;12.26;16.685
2018-03-21 15:32:27;154.43;12.22;22.555
2018-03-21 15:42:28;178.85;12.37;19.641
2018-03-21 15:52:23;165.77;12.04;21.09
2018-03-21 16:02:20;174.37;12.1;18.07
2018-03-21 16:12:21;105.68;12.18;28.362
2018-03-21 16:22:23;82.97;12.16;22.348
2018-03-21 16:32:21;140.07;12.42;22.484
2018-03-21 16:42:21;100.9;12.01;23.334
2018-03-21 16:52:21;59.35;12.52;27.7
2018-03-21 17:02:21;89.8;12.04;29.35
2018-03-21 17:12:25;70.49;9.29;23.721
2018-03-21 17:22:23;26.68;12.25;25.257
2018-03-21 17:32:20;38.59;12.17;33.962
2018-03-21 17:42:18;36.98;12.2;21.498
2018-03-21 17:52:20;30.74;12.44;34.267
2018-03-21 18:02:17;19.99;12.38;32.567
2018-03-21 18:12:17;20.16;12.53;48.358
2018-03-21 18:22:15;17.07;12.15;40.908
2018-03-21 18:32:12;18.31;12.11;41.974
2018-03-21 18:42:08;21.23;11.99;33.367
2018-03-21 18:52:04;19.01;11.85;37.546
2018-03-21 19:02:01;20.14;12.19;32.738
2018-03-21 19:11:58;20.21;12.28;36.304
2018-03-21 19:21:56;19.77;12.17;43.089
2018-03-21 19:31:53;16.7;12.49;47.093
2018-03-21 19:41:51;25.41;12.48;40.251
2018-03-21 19:51:50;16.03;12.33;38.19
2018-03-21 20:01:49;12.74;11.84;50.507
2018-03-21 20:11:45;15.71;12.02;43.035
2018-03-21 20:21:47;12.08;6.65;33.059
2018-03-21 20:31:42;4.27;5.31;31.771
2018-03-21 20:41:45;4.63;7.87;90.457
2018-03-21 20:51:47;7.14;4.7;49.978
2018-03-21 21:01:35;7.62;12.3;62.098
2018-03-21 21:11:33;7.29;12.31;65.352
2018-03-21 21:21:28;8.6;12.23;40.56
2018-03-21 21:31:34;9.0;12.45;40.83
2018-03-21 21:41:29;8.74;12.28;43.56
2018-03-21 21:51:27;8.55;12.18;45.149
2018-03-21 22:01:24;8.71;12.22;67.833
2018-03-21 22:11:19;9.15;12.51;49.993
2018-03-21 22:21:19;9.1;12.22;51.29
2018-03-21 22:31:15;9.48;12.52;56.487
2018-03-21 22:41:14;10.19;11.73;65.16
2018-03-21 22:51:11;14.68;12.1;50.845
2018-03-21 23:01:09;13.5;12.42;29.831
2018-03-21 23:11:07;17.99;12.38;49.739
2018-03-21 23:21:04;32.55;12.13;37.952
2018-03-21 23:31:02;37.26;12.19;36.595
2018-03-21 23:41:01;59.32;10.36;32.076
2018-03-21 23:50:56;135.52;12.07;23.437
2018-03-22 00:00:54;92.89;12.06;20.72
2018-03-22 00:10:54;153.08;12.16;22.426
2018-03-22 00:20:49;141.21;12.41;21.432
2018-03-22 00:30:47;156.89;12.16;20.796
2018-03-22 00:40:44;156.81;12.41;22.504
2018-03-22 00:50:41;128.92;12.52;23.88
2018-03-22 01:00:39;116.24;12.53;28.766
2018-03-22 01:10:37;126.18;10.16;20.091
2018-03-22 01:20:34;157.64;12.44;21.635
2018-03-22 01:30:33;185.25;11.9;19.047
2018-03-22 01:40:33;175.32;12.38;31.308
2018-03-22 01:50:28;182.19;12.53;19.71
2018-03-22 02:00:36;48.75;12.06;20.885
2018-03-22 02:10:23;192.71;12.24;18.939
2018-03-22 02:20:21;195.24;12.17;18.107
2018-03-22 02:30:19;191.9;12.31;17.964
2018-03-22 02:40:17;190.26;12.4;18.196
2018-03-22 02:50:14;189.06;12.45;17.669
2018-03-22 03:00:12;191.25;12.39;18.518
2018-03-22 03:10:10;194.37;12.45;19.864
2018-03-22 03:20:08;195.21;12.16;16.334
2018-03-22 03:30:06;191.5;12.35;18.58
2018-03-22 03:40:03;193.19;12.46;19.947
2018-03-22 03:50:01;196.15;12.18;16.718
2018-03-22 03:59:59;185.89;12.7;22.629
2018-03-22 04:09:56;184.08;12.33;18.098
2018-03-22 04:19:54;192.78;12.36;18.994
2018-03-22 04:29:53;190.34;12.46;18.797
2018-03-22 04:39:57;194.83;12.04;16.066
2018-03-22 04:49:47;180.34;12.41;18.901
2018-03-22 04:59:45;176.9;12.68;17.725
2018-03-22 05:09:43;198.21;12.4;19.496
2018-03-22 05:19:41;180.17;12.04;18.484
2018-03-22 05:29:38;194.01;12.55;20.926
2018-03-22 05:39:36;198.3;12.22;17.079
2018-03-22 05:49:35;197.27;12.34;18.439
2018-03-22 05:59:33;194.5;12.41;18.627
2018-03-22 06:09:30;192.84;12.31;20.685
2018-03-22 06:19:29;195.75;12.39;20.15
2018-03-22 06:29:26;198.1;12.32;18.764
2018-03-22 06:39:24;191.01;12.22;19.215
2018-03-22 06:49:22;189.79;12.41;19.232
2018-03-22 06:59:19;195.61;11.69;17.024
2018-03-22 07:09:18;195.11;11.74;17.1
2018-03-22 07:19:15;189.65;12.3;17.538
2018-03-22 07:29:12;186.68;12.09;18.498
2018-03-22 07:39:10;191.27;12.23;15.946
2018-03-22 07:49:08;194.96;12.35;20.191
2018-03-22 07:59:06;194.52;12.22;17.021
2018-03-22 08:09:04;195.75;12.38;21.865
2018-03-22 08:19:01;194.58;12.19;17.698
2018-03-22 09:10:55;196.44;12.44;21.738
2018-03-22 09:20:54;194.93;12.19;16.32
2018-03-22 09:30:53;193.61;12.22;18.007
2018-03-22 09:40:51;174.77;12.43;19.315
2018-03-22 09:50:50;186.61;12.35;19.627
2018-03-22 10:00:57;185.63;11.99;21.019
2018-03-22 10:10:48;186.19;12.33;19.385
2018-03-22 10:20:47;173.56;12.33;20.32
2018-03-22 10:30:45;187.44;12.48;21.486
2018-03-22 10:40:44;176.9;12.16;18.763
2018-03-22 10:50:43;191.79;12.43;19.249
2018-03-22 11:00:46;150.43;12.32;22.873
2018-03-22 11:10:40;177.95;12.47;20.892
2018-03-22 11:20:39;146.71;12.48;23.31
2018-03-22 11:30:38;134.64;12.26;22.906
2018-03-22 11:40:37;169.87;12.39;18.659
2018-03-22 11:50:37;181.3;12.21;17.176
2018-03-22 12:00:40;62.39;10.76;26.542
2018-03-22 12:10:34;170.45;12.14;20.598
2018-03-22 12:20:37;184.79;12.13;17.579
2018-03-22 12:30:33;132.54;12.3;19.216
2018-03-22 12:40:31;144.54;11.53;23.19
2018-03-22 12:50:28;174.76;12.08;17.721
2018-03-22 13:00:32;88.46;12.29;21.867
2018-03-22 13:10:29;120.31;12.11;20.119
2018-03-22 13:20:24;138.83;12.1;20.147
2018-03-22 13:30:22;97.62;12.38;27.909
2018-03-22 13:40:20;96.4;12.14;19.768
2018-03-22 13:50:20;88.56;12.2;21.473
2018-03-22 14:00:18;164.27;12.32;22.402
2018-03-22 14:10:16;153.99;12.19;17.057
2018-03-22 14:20:15;150.89;12.31;18.35
2018-03-22 14:30:14;145.48;12.4;22.003
2018-03-22 14:40:13;85.82;11.36;20.227
2018-03-22 14:50:11;153.57;12.41;19.067
2018-03-22 15:00:10;134.7;12.55;22.598
2018-03-22 15:10:12;23.37;12.26;35.239
2018-03-22 15:20:07;134.52;12.24;21.781
2018-03-22 15:30:05;83.75;12.43;19.001
2018-03-22 15:40:04;121.29;12.52;26.099
2018-03-22 15:50:03;124.11;12.34;22.841
2018-03-22 16:00:03;56.57;12.02;27.042
2018-03-22 16:10:01;161.85;12.38;20.077
2018-03-22 16:20:00;79.8;12.54;24.248
2018-03-22 16:29:58;158.4;12.49;21.683
2018-03-22 16:39:58;53.08;12.23;24.065
2018-03-22 16:49:57;67.92;12.13;25.031
2018-03-22 16:59:56;37.87;12.15;28.018
2018-03-22 17:09:54;157.44;12.34;20.069
2018-03-22 17:19:53;40.6;12.26;24.817
2018-03-22 17:29:54;50.36;12.44;30.297
2018-03-22 17:39:52;22.46;12.36;32.003
2018-03-22 17:49:50;38.92;12.35;30.011
2018-03-22 17:59:49;27.09;12.11;34.341
2018-03-22 18:09:46;14.34;11.66;22.085
2018-03-22 18:19:50;19.54;12.42;22.94
2018-03-22 18:29:52;23.79;11.86;27.4
2018-03-22 18:39:51;10.67;12.39;38.74
2018-03-22 18:49:51;21.47;12.26;48.151
2018-03-22 18:59:52;17.21;12.27;32.642
2018-03-22 19:09:54;18.81;12.22;46.589
2018-03-22 19:20:01;18.24;12.29;58.647
2018-03-22 19:29:59;10.02;11.86;61.668
2018-03-22 19:40:00;11.7;12.29;47.923
2018-03-22 19:50:02;9.72;12.27;43.46
2018-03-22 19:59:59;14.29;12.15;34.216
2018-03-22 20:10:00;16.54;12.15;42.768
2018-03-22 20:20:02;33.57;12.02;31.315
2018-03-22 20:30:04;16.48;12.36;48.999
2018-03-22 20:40:02;10.43;12.37;49.401
2018-03-22 20:49:59;10.15;12.38;59.377
2018-03-22 20:59:57;8.72;12.03;34.213
2018-03-22 21:09:58;12.93;12.16;52.791
2018-03-22 21:19:59;12.57;12.03;41.111
2018-03-22 21:30:00;8.73;12.05;66.574
2018-03-22 21:40:01;9.78;12.26;42.108
2018-03-22 21:50:03;7.57;11.98;52.745
2018-03-22 21:51:02;8.29;11.91;45.423
2018-03-22 22:01:03;9.17;12.16;35.078
2018-03-22 22:11:04;8.86;12.17;84.894
2018-03-22 22:21:00;11.58;12.16;57.335
2018-03-22 22:31:00;13.16;12.12;53.16
2018-03-22 22:40:59;11.7;11.8;57.223
2018-03-22 22:50:57;11.12;12.14;39.342
2018-03-22 23:00:56;10.69;9.78;37.581
2018-03-22 23:10:56;12.25;11.8;40.757
2018-03-22 23:20:58;15.43;12.51;50.361
2018-03-22 23:30:51;16.47;12.15;28.134
2018-03-22 23:40:53;22.85;12.37;31.798
2018-03-22 23:50:48;24.67;12.36;35.202
2018-03-23 00:00:47;71.63;12.19;20.094
2018-03-23 00:10:45;124.74;12.23;19.885
2018-03-23 00:20:45;49.8;12.37;35.593
2018-03-23 00:30:42;106.96;12.4;22.016
2018-03-23 00:40:45;87.42;12.4;26.662
2018-03-23 00:50:41;109.99;12.47;26.876
2018-03-23 01:00:44;111.48;12.27;37.873
2018-03-23 01:10:38;185.64;11.94;16.581
2018-03-23 01:20:37;187.2;12.15;16.113
2018-03-23 01:30:38;189.2;12.29;22.906
2018-03-23 01:40:34;163.25;12.45;18.994
2018-03-23 01:50:34;193.06;11.99;25.529
2018-03-23 02:00:33;119.55;7.95;19.46
2018-03-23 02:10:30;185.26;12.34;18.286
2018-03-23 02:20:30;179.76;12.27;20.411
2018-03-23 02:30:27;87.27;12.56;17.851
2018-03-23 02:40:55;196.59;12.42;17.32
2018-03-23 02:50:54;196.77;12.63;17.849
2018-03-23 03:00:23;188.51;11.45;18.847
2018-03-23 03:10:21;187.53;12.4;18.117
2018-03-23 03:20:20;191.49;11.66;19.466
2018-03-23 03:30:19;181.16;11.04;16.532
2018-03-23 03:40:17;184.09;11.7;19.246
2018-03-23 03:50:16;191.14;11.48;18.725
2018-03-23 04:00:15;196.1;12.21;16.737
2018-03-23 04:10:15;196.21;12.36;19.61
2018-03-23 04:20:14;194.45;11.9;18.473
2018-03-23 04:30:12;192.42;9.78;16.707
2018-03-23 04:40:11;189.64;12.24;18.88
2018-03-23 04:50:09;176.15;12.04;17.931
2018-03-23 05:00:08;195.59;12.33;18.53
2018-03-23 05:10:07;195.89;12.25;19.192
2018-03-23 05:20:10;194.43;11.65;17.25
2018-03-23 05:30:04;194.01;10.48;16.189
2018-03-23 05:40:03;191.33;12.42;19.545
2018-03-23 05:50:02;190.41;12.27;17.039
2018-03-23 06:00:00;186.98;12.3;17.436
2018-03-23 06:09:59;198.13;12.16;16.689
2018-03-23 06:20:02;188.73;12.16;16.641
2018-03-23 06:29:55;195.41;12.43;18.584
2018-03-23 06:39:57;195.23;12.03;17.6
2018-03-23 06:49:53;189.08;12.32;18.5
2018-03-23 06:59:52;182.61;12.24;20.107
2018-03-23 07:09:50;192.64;11.77;16.394
2018-03-23 07:19:50;196.48;12.22;19.425
2018-03-23 07:29:48;193.76;12.36;20.723
2018-03-23 07:39:48;192.72;12.27;15.128
2018-03-23 07:49:44;189.32;12.17;16.635
2018-03-23 07:59:43;191.11;12.3;21.075
2018-03-23 08:09:41;190.69;12.34;17.939
2018-03-23 08:19:40;196.46;11.87;18.709
2018-03-23 08:29:38;190.07;12.28;21.312
2018-03-23 08:39:37;197.43;12.24;19.612
2018-03-23 08:49:36;184.63;12.21;18.116
2018-03-23 08:59:34;192.4;12.25;19.708
2018-03-23 09:09:35;186.71;12.56;20.865
2018-03-23 09:19:37;184.71;12.29;18.756
2018-03-23 09:29:37;170.22;12.24;18.422
2018-03-23 09:39:38;175.06;12.4;20.584
2018-03-23 09:49:37;178.67;12.55;20.344
2018-03-23 09:59:35;191.94;12.38;18.351
2018-03-23 10:09:33;176.93;12.29;18.658
2018-03-23 10:19:32;193.33;12.12;21.294
2018-03-23 10:29:30;192.88;12.23;19.096
2018-03-23 10:39:28;191.96;12.04;17.786
2018-03-23 10:49:27;187.81;11.99;17.761
2018-03-23 10:59:24;182.08;12.2;20.007
2018-03-23 11:09:22;187.84;12.47;18.795
2018-03-23 11:19:21;176.54;12.31;21.056
2018-03-23 11:29:19;168.21;12.06;17.389
2018-03-23 11:39:17;144.71;12.27;18.675
2018-03-23 11:49:17;185.48;12.39;20.065
2018-03-23 11:59:15;149.39;12.46;19.93
2018-03-23 12:09:13;177.49;12.44;17.452
2018-03-23 12:19:13;191.57;12.37;18.137
2018-03-23 12:29:11;186.53;12.46;18.161
2018-03-23 12:39:10;186.44;12.08;18.076
2018-03-23 12:49:10;147.28;12.37;21.53
2018-03-23 12:59:06;160.11;12.4;18.105
2018-03-23 13:09:05;172.0;12.47;19.745
2018-03-23 13:19:04;107.96;12.35;21.771
2018-03-23 13:29:03;136.47;10.54;20.336
2018-03-23 13:39:01;183.98;12.2;21.664
2018-03-23 13:49:00;131.89;12.23;20.147
2018-03-23 13:58:58;149.79;12.21;19.413
2018-03-23 14:08:58;163.91;10.56;22.007
2018-03-23 14:18:56;109.31;12.52;22.089
2018-03-23 14:28:54;138.91;12.44;19.784
2018-03-23 14:38:53;171.16;12.26;23.582
2018-03-23 14:48:51;138.05;12.38;19.992
2018-03-23 14:58:50;103.05;12.4;18.588
2018-03-23 15:08:49;168.95;12.45;20.207
2018-03-23 15:18:49;163.91;12.03;20.998
2018-03-23 15:28:50;161.91;12.19;21.643
2018-03-23 15:38:46;149.54;12.19;20.337
2018-03-23 15:48:45;163.62;12.31;21.26
2018-03-23 15:58:44;133.0;12.51;21.942
2018-03-23 16:08:46;168.68;12.31;18.529
2018-03-23 16:18:43;114.27;12.44;19.312
2018-03-23 16:28:41;99.62;12.4;26.967
2018-03-23 16:38:40;51.12;12.31;26.442
2018-03-23 16:48:39;83.96;12.6;29.095
2018-03-23 16:58:37;66.26;12.38;22.696
2018-03-23 17:08:37;32.81;12.54;31.877
2018-03-23 17:18:36;52.84;12.26;30.226
2018-03-23 17:28:34;62.5;12.27;25.766
2018-03-23 17:38:34;51.27;12.38;25.764
2018-03-23 17:48:32;62.24;12.45;32.857
2018-03-23 17:58:32;23.94;12.45;42.558
2018-03-23 18:08:31;20.15;12.28;42.211
2018-03-23 18:18:30;25.99;12.0;38.457
2018-03-23 18:28:29;38.0;12.22;37.268
2018-03-23 18:38:27;43.46;12.31;33.277
2018-03-23 18:48:26;19.7;12.5;39.796
2018-03-23 18:58:25;25.76;12.17;37.507
2018-03-23 19:08:24;25.22;12.11;40.152
2018-03-23 19:18:23;15.79;12.45;29.853
2018-03-23 19:28:21;23.97;12.3;32.14
2018-03-23 19:38:24;24.77;12.03;31.471
2018-03-23 19:48:19;30.43;12.29;33.233
2018-03-23 19:58:19;32.44;12.2;24.933
2018-03-23 20:08:18;21.88;12.49;37.39
2018-03-23 20:18:16;19.91;12.37;44.023
2018-03-23 20:28:15;11.6;12.29;35.604
2018-03-23 20:38:17;10.7;12.11;45.724
2018-03-23 20:48:14;11.16;12.1;36.798
2018-03-23 20:58:16;8.39;12.29;44.386
2018-03-23 21:08:16;9.52;11.94;41.431
2018-03-23 21:18:17;7.59;12.12;47.1
2018-03-23 21:28:17;8.71;11.74;37.348
2018-03-23 21:38:17;8.96;11.96;46.006
2018-03-23 21:48:16;8.79;12.12;36.496
2018-03-23 21:58:17;9.17;12.06;75.855
2018-03-23 22:08:17;13.69;12.32;43.808
2018-03-23 22:18:18;10.6;11.87;22.754
2018-03-23 22:28:20;9.61;12.1;33.468
2018-03-23 22:38:21;15.95;12.41;39.791
2018-03-23 22:48:20;13.01;10.28;32.391
2018-03-23 22:58:17;15.38;12.11;35.321
2018-03-23 23:08:14;24.31;12.1;31.422
2018-03-23 23:18:16;21.19;12.37;37.787
2018-03-23 23:28:18;18.84;12.35;35.82
2018-03-23 23:38:17;21.84;12.19;34.445
2018-03-23 23:48:18;24.11;12.18;39.246
2018-03-23 23:58:18;61.12;12.16;33.827
2018-03-24 00:08:17;70.18;12.31;24.148
2018-03-24 00:18:17;39.1;12.3;26.969
2018-03-24 00:28:17;102.15;12.34;23.568
2018-03-24 00:38:17;67.03;12.2;19.799
2018-03-24 00:48:17;135.79;12.49;19.965
2018-03-24 00:58:17;156.77;12.37;23.295
2018-03-24 01:08:17;119.37;12.31;19.618
2018-03-24 01:18:18;163.28;12.16;20.214
2018-03-24 01:28:18;152.04;12.17;16.935
2018-03-24 01:38:17;177.05;12.09;18.519
2018-03-24 01:48:18;175.8;12.28;18.694
2018-03-24 01:58:18;170.18;12.21;18.246
2018-03-24 02:08:18;167.48;12.21;17.281
2018-03-24 02:18:18;174.31;12.22;17.477
2018-03-24 02:28:18;195.28;12.41;16.016
2018-03-24 02:38:18;185.53;12.33;16.079
2018-03-24 02:48:18;194.66;12.38;16.182
2018-03-24 02:58:19;188.67;12.26;17.66
2018-03-24 03:08:19;199.24;12.22;18.773
2018-03-24 03:18:18;194.09;12.4;17.108
2018-03-24 03:28:19;194.45;12.43;17.304
2018-03-24 03:38:19;194.88;12.47;17.331
2018-03-24 03:48:19;187.74;12.41;16.862
2018-03-24 03:58:19;197.7;12.11;18.476
2018-03-24 04:08:19;183.13;12.4;15.398
2018-03-24 04:18:19;192.29;12.33;16.469
2018-03-24 04:28:19;187.95;12.41;17.205
2018-03-24 04:38:20;185.55;12.5;20.743
2018-03-24 04:48:20;194.49;12.56;19.19
2018-03-24 04:58:20;195.86;12.08;16.289
2018-03-24 05:08:20;181.09;12.08;16.835
2018-03-24 05:18:20;194.99;12.29;18.408
2018-03-24 05:28:20;189.07;12.5;18.962
2018-03-24 05:38:20;183.1;12.41;18.519
2018-03-24 05:48:21;186.99;12.06;17.506
2018-03-24 05:58:22;193.42;12.41;15.999
2018-03-24 06:08:21;197.92;12.05;17.49
2018-03-24 06:18:21;182.79;12.1;17.558
2018-03-24 06:28:21;193.89;12.4;15.923
2018-03-24 06:38:21;197.06;12.27;18.056
2018-03-24 06:48:21;194.2;12.26;17.202
2018-03-24 06:58:21;193.89;12.41;17.024
2018-03-24 07:08:21;196.77;12.38;17.878
2018-03-24 07:18:21;192.27;12.19;14.325
2018-03-24 07:28:21;194.55;12.05;16.846
2018-03-24 07:38:21;188.0;12.44;18.465
2018-03-24 07:48:22;192.32;12.29;17.374
2018-03-24 07:58:22;186.29;12.31;18.377
2018-03-24 08:08:22;189.43;12.42;19.803
2018-03-24 08:18:22;179.77;12.13;18.965
2018-03-24 08:28:22;183.1;12.35;16.274
2018-03-24 08:38:23;181.25;12.32;18.498
2018-03-24 08:48:22;145.17;12.48;19.129
2018-03-24 08:58:23;178.31;12.0;19.702
2018-03-24 09:08:23;145.53;12.43;21.835
2018-03-24 09:18:25;92.17;12.14;22.142
2018-03-24 09:28:23;132.31;12.49;19.79
2018-03-24 09:38:23;165.82;12.33;19.502
2018-03-24 09:48:24;127.59;12.11;20.18
2018-03-24 09:58:24;135.52;12.07;21.089
2018-03-24 10:08:24;117.94;12.01;18.997
2018-03-24 10:18:22;124.48;12.32;21.374
2018-03-24 10:28:19;143.14;12.36;21.389
2018-03-24 10:38:16;137.32;12.36;20.567
2018-03-24 10:48:14;169.54;12.32;20.226
2018-03-24 10:58:11;95.2;12.26;18.202
2018-03-24 11:08:09;104.57;11.97;22.886
2018-03-24 11:18:06;117.62;12.46;19.518
2018-03-24 11:28:04;71.36;12.08;25.97
2018-03-24 11:38:01;51.39;12.16;27.474
2018-03-24 11:47:58;163.64;12.36;18.815
2018-03-24 11:57:56;159.04;12.29;18.872
2018-03-24 12:07:54;124.21;12.19;19.078
2018-03-24 12:17:56;134.02;12.29;18.568
2018-03-24 12:27:48;69.94;12.35;20.898
2018-03-24 12:37:46;114.09;12.41;20.351
2018-03-24 12:47:43;68.85;12.41;26.376
2018-03-24 12:57:41;65.14;12.49;28.329
2018-03-24 13:07:38;71.36;11.89;23.641
2018-03-24 13:17:35;86.13;12.44;17.433
2018-03-24 13:27:35;121.82;12.15;20.808
2018-03-24 13:37:38;53.66;12.18;20.337
2018-03-24 13:47:37;100.74;12.26;20.416
2018-03-24 13:57:39;101.08;12.38;21.222
2018-03-24 14:07:41;116.83;12.01;25.941
2018-03-24 14:17:43;64.36;12.43;24.221
2018-03-24 14:27:43;48.18;12.37;27.928
2018-03-24 14:37:46;50.21;12.26;32.364
2018-03-24 14:44:06;36.47;12.14;29.449
2018-03-24 14:54:14;31.85;12.14;37.652
2018-03-24 15:04:12;43.4;12.1;25.17
2018-03-24 15:14:23;31.06;12.14;22.941
2018-03-24 15:24:23;41.54;12.48;31.289
2018-03-24 15:34:25;122.4;12.31;25.195
2018-03-24 15:44:26;36.9;12.44;32.303
2018-03-24 15:54:28;52.63;12.05;26.955
2018-03-24 16:04:29;56.15;12.3;23.504
2018-03-24 16:14:31;29.19;12.1;31.313
2018-03-24 16:24:34;29.83;12.37;36.991
2018-03-24 16:34:37;31.98;12.29;35.138
2018-03-24 16:44:36;38.07;12.13;35.694
2018-03-24 16:54:39;30.84;12.25;35.556
2018-03-24 17:04:41;29.05;12.24;33.256
2018-03-24 17:14:42;30.09;12.37;31.795
2018-03-24 17:24:39;25.77;12.55;31.67
2018-03-24 17:34:41;34.46;12.03;27.922
2018-03-24 17:44:43;16.78;12.53;42.635
2018-03-24 17:54:44;16.9;12.39;39.475
2018-03-24 18:04:46;22.02;12.38;40.255
2018-03-24 18:14:43;21.73;12.63;36.501
2018-03-24 18:24:45;19.83;9.77;34.571
2018-03-24 18:34:54;16.02;10.44;33.082
2018-03-24 18:44:44;10.53;12.06;27.801
2018-03-24 18:54:44;19.66;8.18;39.09
2018-03-24 19:04:43;18.42;12.29;25.359
2018-03-24 19:14:47;12.4;11.86;45.758
2018-03-24 19:24:47;10.4;5.67;33.421
2018-03-24 19:34:54;8.87;8.17;49.156
2018-03-24 19:44:47;13.03;10.12;36.098
2018-03-24 19:54:43;14.08;12.1;36.254
2018-03-24 20:04:45;21.85;12.09;44.734
2018-03-24 20:14:45;14.64;11.2;39.795
2018-03-24 20:24:45;15.97;12.11;42.335
2018-03-24 20:34:45;14.69;12.03;34.119
2018-03-24 20:44:46;12.24;12.02;43.708
2018-03-24 20:54:46;17.31;12.25;37.911
2018-03-24 21:04:46;11.92;12.32;51.692
2018-03-24 21:14:49;8.75;11.99;55.244
2018-03-24 21:24:46;8.72;12.16;30.393
2018-03-24 21:34:43;9.51;11.9;37.746
2018-03-24 21:44:44;8.75;12.12;52.917
2018-03-24 21:54:38;9.38;12.06;39.618
2018-03-24 22:04:36;10.24;12.37;54.25
2018-03-24 22:14:34;7.22;12.11;44.797
2018-03-24 22:24:30;8.84;12.44;42.422
2018-03-24 22:34:32;11.7;12.39;35.685
2018-03-24 22:44:34;9.08;12.17;46.012
2018-03-24 22:54:36;11.14;12.11;38.526
2018-03-24 23:04:32;10.55;12.19;35.634
2018-03-24 23:14:30;9.82;12.18;27.819
2018-03-24 23:24:28;11.3;12.18;28.712
2018-03-24 23:34:25;14.15;11.58;25.419
2018-03-24 23:44:22;11.91;12.33;53.938
2018-03-24 23:54:19;14.29;12.52;41.7
2018-03-25 00:04:16;23.4;12.42;39.151
2018-03-25 00:14:14;19.52;12.28;44.031
2018-03-25 00:24:11;22.79;12.43;38.396
2018-03-25 00:34:08;24.1;12.36;40.886
2018-03-25 00:44:06;35.56;12.27;34.331
2018-03-25 00:54:04;28.98;12.43;40.273
2018-03-25 01:04:00;35.7;12.29;31.674
2018-03-25 01:14:02;46.97;12.46;30.677
2018-03-25 01:23:55;74.41;11.54;23.821
2018-03-25 01:33:53;67.24;12.19;28.472
2018-03-25 01:43:54;93.98;12.31;22.905
2018-03-25 01:53:51;180.92;12.32;20.083
2018-03-25 03:00:33;97.42;12.26;20.212
2018-03-25 03:10:30;142.03;11.99;15.313
2018-03-25 03:20:27;100.53;11.98;19.131
2018-03-25 03:30:24;136.6;12.1;20.608
2018-03-25 03:40:21;146.71;12.39;18.189
2018-03-25 03:50:19;166.88;12.33;19.633
2018-03-25 04:00:16;185.96;12.36;19.795
2018-03-25 04:10:13;188.87;12.22;17.598
2018-03-25 04:20:11;175.86;12.22;19.297
2018-03-25 04:30:11;150.33;12.26;16.454
2018-03-25 04:40:05;186.52;12.35;18.204
2018-03-25 04:50:03;188.55;12.2;19.08
2018-03-25 05:00:00;194.35;12.53;15.696
2018-03-25 05:09:58;190.86;12.31;16.013
2018-03-25 05:19:55;199.08;12.31;16.657
2018-03-25 05:29:53;195.54;12.31;18.603
2018-03-25 05:39:50;199.97;12.38;18.044
2018-03-25 05:49:48;189.59;12.07;17.879
2018-03-25 05:59:45;187.62;12.46;15.292
2018-03-25 06:09:43;196.4;12.21;17.543
2018-03-25 06:19:40;197.16;12.38;18.52
2018-03-25 06:29:38;196.13;12.29;16.881
2018-03-25 06:39:35;194.81;12.4;17.094
2018-03-25 06:49:32;172.81;12.34;17.106
2018-03-25 06:59:30;194.41;12.21;17.886
2018-03-25 07:09:27;200.08;12.39;20.14
2018-03-25 07:19:24;196.92;12.46;16.978
2018-03-25 07:29:22;174.96;12.31;17.603
2018-03-25 07:39:19;191.5;12.25;19.511
2018-03-25 07:49:17;195.49;12.29;17.415
2018-03-25 07:59:15;196.75;11.66;20.863
2018-03-25 08:09:12;198.01;12.52;17.016
2018-03-25 08:19:09;191.39;12.26;18.721
2018-03-25 08:29:07;181.72;12.04;20.701
2018-03-25 08:39:04;197.0;12.39;18.282
2018-03-25 08:49:02;190.27;12.54;19.221
2018-03-25 08:58:59;196.22;12.38;15.448
2018-03-25 09:08:58;188.97;12.23;19.251
2018-03-25 09:18:55;189.49;12.34;17.701
2018-03-25 09:28:52;190.93;12.22;17.632
2018-03-25 09:38:50;178.58;11.99;18.615
2018-03-25 09:48:47;198.51;12.18;20.775
2018-03-25 09:58:46;193.47;12.42;17.335
2018-03-25 10:08:43;194.35;12.33;19.58
2018-03-25 10:18:40;182.09;12.47;19.431
2018-03-25 10:28:38;127.43;12.46;23.093
2018-03-25 10:38:36;78.66;12.2;24.251
2018-03-25 10:48:33;117.52;12.39;25.923
2018-03-25 10:58:32;116.39;12.1;25.341
2018-03-25 11:08:28;141.84;12.57;21.355
2018-03-25 11:18:26;124.91;12.16;27.009
2018-03-25 11:28:24;107.87;12.16;21.494
2018-03-25 11:38:21;59.54;12.31;28.939
2018-03-25 11:48:19;62.52;12.24;27.794
2018-03-25 11:58:16;96.93;11.97;21.197
2018-03-25 12:08:14;29.21;12.27;36.707
2018-03-25 12:18:13;45.41;12.45;25.471
2018-03-25 12:28:09;88.74;12.28;25.746
2018-03-25 12:38:06;65.9;12.05;31.572
2018-03-25 12:48:05;33.55;12.19;31.342
2018-03-25 12:58:02;27.36;12.05;33.692
2018-03-25 13:07:59;35.8;12.38;31.338
2018-03-25 13:17:56;53.12;12.22;34.151
2018-03-25 13:27:58;25.8;12.15;36.956
2018-03-25 13:37:53;66.94;12.2;25.866
2018-03-25 13:47:49;63.15;12.44;23.361
2018-03-25 13:57:46;77.21;12.11;24.126
2018-03-25 14:07:49;28.97;12.37;30.629
2018-03-25 14:17:50;46.25;12.31;27.847
2018-03-25 14:27:52;61.2;12.34;24.4
2018-03-25 14:37:58;45.93;12.29;23.637
2018-03-25 14:47:55;86.88;12.27;22.349
2018-03-25 14:57:57;78.24;12.36;22.926
2018-03-25 15:07:58;39.74;10.49;36.418
2018-03-25 15:17:58;35.87;12.28;27.578
2018-03-25 15:27:55;41.39;12.04;32.116
2018-03-25 15:37:53;41.76;12.26;27.328
2018-03-25 15:47:51;63.77;8.76;42.729
2018-03-25 15:57:48;21.75;11.95;23.876
2018-03-25 16:07:45;24.68;12.28;31.533
2018-03-25 16:17:44;64.94;12.04;24.258
2018-03-25 16:27:40;39.57;12.23;24.177
2018-03-25 16:37:37;54.4;12.14;23.409
2018-03-25 16:47:37;35.86;11.86;31.53
2018-03-25 16:57:36;40.44;12.08;22.79
2018-03-25 17:07:37;27.09;12.58;34.785
2018-03-25 17:17:37;36.83;12.32;26.987
2018-03-25 17:27:40;20.81;12.05;29.469
2018-03-25 17:37:40;18.88;11.79;30.356
2018-03-25 17:47:40;22.13;12.31;48.788
2018-03-25 17:57:40;15.49;12.11;38.991
2018-03-25 18:07:41;15.5;12.12;47.548
2018-03-25 18:17:41;16.58;11.93;25.337
2018-03-25 18:27:40;15.96;12.14;37.942
2018-03-25 18:37:40;21.28;12.21;31.412
2018-03-25 18:47:41;10.19;12.21;45.823
2018-03-25 18:57:41;15.93;12.43;29.357
2018-03-25 19:07:42;13.12;12.31;32.185
2018-03-25 19:17:42;20.35;11.74;39.441
2018-03-25 19:27:44;10.07;11.84;41.153
2018-03-25 19:37:47;10.28;12.17;18.823
2018-03-25 19:47:49;8.89;12.31;46.991
2018-03-25 19:57:50;9.35;12.22;30.667
2018-03-25 20:07:52;8.78;12.69;37.772
2018-03-25 20:17:54;7.14;12.16;49.297
2018-03-25 20:27:56;6.86;12.04;52.915
2018-03-25 20:37:59;7.09;12.19;35.899
2018-03-25 20:47:59;7.11;9.42;48.602
2018-03-25 20:58:01;6.82;12.3;38.409
2018-03-25 21:08:03;6.11;12.23;45.92
2018-03-25 21:18:22;2.58;2.62;50.907
2018-03-25 21:28:08;4.53;8.15;58.936
2018-03-25 21:38:18;4.71;4.13;82.215
2018-03-25 21:48:14;4.66;9.11;44.077
2018-03-25 21:58:10;6.38;12.45;41.292
2018-03-25 22:08:13;6.5;8.91;41.889
2018-03-25 22:18:15;7.76;8.3;69.451
2018-03-25 22:28:17;5.86;12.41;59.74
2018-03-25 22:36:09;7.42;12.28;25.957
2018-03-25 22:46:11;7.72;11.84;37.157
2018-03-25 22:56:07;9.8;12.39;15.313
2018-03-25 23:06:06;9.76;12.09;29.065
2018-03-25 23:16:05;8.87;11.34;15.016
2018-03-25 23:26:01;9.54;12.29;15.059
2018-03-25 23:35:58;9.6;12.42;18.115
2018-03-25 23:46:07;13.71;11.95;14.33
2018-03-25 23:56:13;15.92;12.17;14.905
2018-03-26 00:06:10;12.93;11.87;26.514
2018-03-26 00:16:04;16.67;12.42;28.127
2018-03-26 00:26:04;16.98;11.21;60.113
2018-03-26 00:35:59;0.86;4.39;192.913
2018-03-26 00:45:52;3.21;2.71;112.607
2018-03-26 00:55:43;4.28;2.38;30.249
2018-03-26 01:05:37;37.17;8.54;33.434
2018-03-26 01:15:33;60.13;10.88;23.964
2018-03-26 01:25:31;88.96;10.73;21.089
2018-03-26 01:35:27;146.24;11.26;19.191
2018-03-26 01:45:26;143.84;11.49;21.535
2018-03-26 01:55:24;154.13;9.82;19.209
2018-03-26 02:05:20;167.12;12.34;17.531
2018-03-26 02:15:18;143.7;12.37;17.679
2018-03-26 02:25:15;185.39;12.51;18.52
2018-03-26 02:35:13;174.75;12.18;17.072
2018-03-26 02:45:10;178.42;12.26;17.393
2018-03-26 02:55:09;184.09;12.23;20.025
2018-03-26 03:05:05;187.27;12.39;19.297
2018-03-26 03:15:03;195.0;12.04;18.974
2018-03-26 03:25:00;120.73;12.32;16.67
2018-03-26 03:34:58;191.47;12.12;19.229
2018-03-26 03:44:55;190.19;12.14;18.408
2018-03-26 03:54:52;189.09;11.91;20.408
2018-03-26 04:04:50;193.82;12.46;18.138
2018-03-26 04:14:47;196.3;12.32;19.202
2018-03-26 04:24:45;196.84;12.08;18.046
2018-03-26 04:34:42;194.17;11.98;18.601
2018-03-26 04:44:40;91.53;12.27;18.49
2018-03-26 04:54:37;192.85;12.4;15.894
2018-03-26 05:04:39;188.4;12.15;19.144
2018-03-26 05:14:32;187.83;12.19;18.564
2018-03-26 05:24:29;197.77;12.09;18.0
2018-03-26 05:34:26;198.37;12.44;16.807
2018-03-26 05:44:24;188.55;12.24;18.858
2018-03-26 05:54:23;188.87;12.21;18.153
2018-03-26 06:04:19;197.09;12.65;19.654
2018-03-26 06:14:17;94.8;12.22;17.397
2018-03-26 06:24:14;197.17;12.08;15.683
2018-03-26 06:34:15;189.47;12.24;16.663
2018-03-26 06:44:09;187.36;11.94;17.13
2018-03-26 06:54:07;187.24;12.18;15.418
2018-03-26 07:04:04;85.71;12.0;16.768
2018-03-26 07:14:02;198.08;12.33;16.936
2018-03-26 07:24:04;194.51;12.25;18.206
2018-03-26 07:34:01;196.33;12.02;17.928
2018-03-26 07:44:03;194.07;12.21;16.029
2018-03-26 07:54:00;191.15;12.27;19.591
2018-03-26 08:03:58;198.04;12.21;19.424
2018-03-26 08:13:55;196.0;12.04;19.302
2018-03-26 08:23:57;186.76;12.18;19.156
2018-03-26 08:33:59;191.58;12.15;18.602
2018-03-26 08:43:56;189.2;12.38;18.17
2018-03-26 08:53:55;196.72;12.35;16.313
2018-03-26 09:03:53;192.55;12.33;16.946
2018-03-26 09:13:52;136.71;12.26;16.53
2018-03-26 09:23:50;190.44;12.59;19.498
2018-03-26 09:33:48;194.89;12.28;19.395
2018-03-26 09:43:47;186.26;12.29;17.745
2018-03-26 09:53:45;192.69;12.41;20.875
2018-03-26 10:03:43;186.43;12.31;19.074
2018-03-26 10:13:42;186.61;12.22;20.562
2018-03-26 10:23:40;169.78;8.11;18.638
2018-03-26 10:33:38;185.82;12.17;18.402
2018-03-26 10:43:37;113.8;12.37;19.419
2018-03-26 10:53:35;192.41;11.88;19.245
2018-03-26 11:03:33;178.18;12.36;18.453
2018-03-26 11:13:31;155.87;12.35;17.698
2018-03-26 11:23:30;186.6;12.3;16.247
2018-03-26 11:33:28;180.62;12.58;19.086
2018-03-26 11:43:27;96.77;12.41;18.56
2018-03-26 11:53:25;118.24;12.36;18.016
2018-03-26 12:03:24;97.03;12.41;18.365
2018-03-26 12:13:22;120.16;12.39;19.437
2018-03-26 12:23:20;176.22;12.52;19.285
2018-03-26 12:33:19;41.31;12.2;28.605
2018-03-26 12:43:17;81.87;12.37;17.549
2018-03-26 12:53:15;164.96;12.56;21.563
2018-03-26 13:03:14;125.51;12.22;18.484
2018-03-26 13:13:12;100.61;12.4;17.612
2018-03-26 13:23:10;148.76;12.02;19.534
2018-03-26 13:33:08;103.94;12.27;20.471
2018-03-26 13:43:07;149.19;12.46;26.605
2018-03-26 13:53:05;151.39;12.21;20.587
2018-03-26 14:03:04;91.8;12.65;25.545
2018-03-26 14:13:02;79.32;12.31;20.559
2018-03-26 14:23:00;107.43;12.38;17.932
2018-03-26 14:33:02;89.9;12.06;21.025
2018-03-26 14:42:57;63.65;12.45;20.961
2018-03-26 14:52:55;123.36;12.16;21.911
2018-03-26 15:02:54;62.37;12.51;20.985
2018-03-26 15:12:52;131.36;11.98;18.97
2018-03-26 15:22:50;139.94;12.56;17.761
2018-03-26 15:32:49;97.95;12.21;18.286
2018-03-26 15:42:46;148.91;12.49;19.799
2018-03-26 15:52:45;108.26;12.55;18.766
2018-03-26 16:02:43;118.39;12.53;26.971
2018-03-26 16:12:42;125.48;12.29;22.054
2018-03-26 16:22:40;73.56;12.46;19.836
2018-03-26 16:32:38;136.65;12.33;20.698
2018-03-26 16:42:40;123.52;12.15;20.424
2018-03-26 16:52:36;58.43;12.31;25.228
2018-03-26 17:02:34;78.1;12.49;23.46
2018-03-26 17:12:32;61.98;12.13;27.587
2018-03-26 17:22:32;48.67;12.48;24.777
2018-03-26 17:32:29;37.22;12.21;29.698
2018-03-26 17:42:27;32.34;12.36;29.354
2018-03-26 17:52:26;24.65;12.19;25.625
2018-03-26 18:02:25;29.21;12.58;33.483
2018-03-26 18:12:23;35.23;12.27;30.292
2018-03-26 18:22:21;81.83;12.39;24.151
2018-03-26 18:32:20;84.55;12.56;21.665
2018-03-26 18:42:18;29.62;12.27;36.438
2018-03-26 18:52:16;123.49;12.39;30.876
2018-03-26 19:02:15;29.34;12.28;31.47
2018-03-26 19:12:13;22.1;12.1;44.987
2018-03-26 19:22:11;56.39;12.28;31.492
2018-03-26 19:32:09;35.22;12.15;27.053
2018-03-26 19:42:08;31.11;12.37;42.701
2018-03-26 19:52:10;19.18;12.24;37.47
2018-03-26 20:02:06;13.86;12.28;35.516
2018-03-26 20:12:03;12.21;12.18;45.683
2018-03-26 20:22:01;13.35;12.04;36.127
2018-03-26 20:31:58;13.64;12.27;41.266
2018-03-26 20:41:55;10.92;12.14;44.57
2018-03-26 20:51:54;13.17;12.53;37.948
2018-03-26 21:01:53;8.85;11.95;43.607
2018-03-26 21:11:50;9.58;12.09;34.807
2018-03-26 21:21:47;9.13;12.43;37.23
2018-03-26 21:31:46;10.59;11.99;42.063
2018-03-26 21:41:44;8.77;12.07;38.685
2018-03-26 21:51:41;8.33;12.0;38.89
2018-03-26 22:01:43;9.0;12.33;55.181
2018-03-26 22:11:44;8.18;12.35;39.751
2018-03-26 22:21:46;6.81;11.74;41.573
2018-03-26 22:31:46;9.57;12.19;44.128
2018-03-26 22:41:47;10.74;12.13;53.888
2018-03-26 22:51:44;12.86;12.38;50.564
2018-03-26 23:01:41;13.42;12.26;38.617
2018-03-26 23:09:52;12.37;11.89;37.584
2018-03-26 23:19:45;17.81;11.96;41.155
2018-03-26 23:29:43;26.95;12.49;38.123
2018-03-26 23:39:41;20.08;12.31;38.977
2018-03-26 23:49:39;23.99;11.93;42.669
2018-03-26 23:59:38;58.52;12.49;27.552
2018-03-27 00:09:35;89.95;12.43;18.995
2018-03-27 00:19:34;69.23;12.4;21.752
2018-03-27 00:29:33;113.13;12.35;27.339
2018-03-27 00:39:30;85.95;12.41;24.998
2018-03-27 00:49:28;42.95;12.3;20.953
2018-03-27 00:59:27;134.4;12.57;26.35
2018-03-27 01:09:25;119.65;12.47;21.311
2018-03-27 01:19:25;179.32;12.54;20.669
2018-03-27 01:29:24;182.13;12.53;19.075
2018-03-27 01:39:20;177.87;12.45;19.04
2018-03-27 01:49:18;164.76;12.25;16.803
2018-03-27 01:59:17;176.18;12.34;18.231
2018-03-27 02:09:15;194.1;12.42;19.192
2018-03-27 02:19:14;187.68;12.37;17.186
2018-03-27 02:29:12;104.41;12.41;17.628
2018-03-27 02:39:10;190.53;12.03;19.823
2018-03-27 02:49:14;168.29;11.91;17.819
2018-03-27 02:59:07;195.62;11.98;17.791
2018-03-27 03:09:06;197.17;12.42;18.951
2018-03-27 03:19:03;193.74;12.36;15.722
2018-03-27 03:29:02;127.46;11.83;15.943
2018-03-27 03:39:00;184.95;12.38;16.932
2018-03-27 03:48:59;195.74;12.37;19.311
2018-03-27 03:58:58;194.56;12.26;17.763
2018-03-27 04:08:55;189.55;12.21;17.499
2018-03-27 04:18:57;194.66;12.33;18.677
2018-03-27 04:28:52;194.28;12.42;15.387
2018-03-27 04:38:51;193.15;12.12;16.797
2018-03-27 04:48:49;198.64;12.55;15.998
2018-03-27 04:58:49;197.12;12.34;16.834
2018-03-27 05:08:46;190.34;12.14;16.361
2018-03-27 05:18:44;198.1;12.1;16.605
2018-03-27 05:28:43;194.58;12.41;19.562
2018-03-27 05:38:42;192.84;12.54;16.851
2018-03-27 05:48:40;194.49;12.53;16.233
2018-03-27 05:58:39;194.29;12.2;16.203
2018-03-27 06:08:37;192.98;12.14;16.724
2018-03-27 06:18:36;181.63;12.14;16.643
2018-03-27 06:28:34;194.95;12.14;18.596
2018-03-27 06:38:33;198.73;12.44;17.405
2018-03-27 06:48:31;198.64;12.29;21.194
2018-03-27 06:58:29;193.61;12.37;15.091
2018-03-27 07:08:28;193.51;12.07;17.448
2018-03-27 07:18:26;197.23;12.51;18.652
2018-03-27 07:28:24;183.37;12.65;18.287
2018-03-27 07:38:22;185.72;12.29;16.335
2018-03-27 07:48:20;183.36;12.27;17.635
2018-03-27 07:58:19;191.76;12.17;16.988
2018-03-27 08:08:18;195.19;12.4;19.417
2018-03-27 08:18:16;153.71;11.92;13.248
2018-03-27 08:28:15;190.17;12.3;12.897
2018-03-27 08:38:13;197.29;12.26;14.951
2018-03-27 08:48:11;188.87;12.12;11.189
2018-03-27 08:58:21;183.26;12.27;40.211
2018-03-27 09:08:09;177.88;10.31;25.744
2018-03-27 09:18:10;167.24;10.34;42.301
2018-03-27 09:28:09;189.53;11.21;57.162
2018-03-27 09:38:08;90.38;9.63;144.048
2018-03-27 09:48:05;110.0;8.66;17.746
2018-03-27 09:58:01;33.67;8.41;47.544
2018-03-27 10:07:59;107.59;8.74;38.508
2018-03-27 10:17:56;176.31;9.32;18.53
2018-03-27 10:27:58;133.74;7.93;20.672
2018-03-27 10:37:54;192.97;9.44;17.366
2018-03-27 10:47:52;189.73;9.66;19.07
2018-03-27 10:57:50;184.58;10.31;20.519
2018-03-27 11:07:49;191.26;11.38;17.71
2018-03-27 11:17:47;179.16;11.88;18.514
2018-03-27 11:27:45;140.62;11.98;18.577
2018-03-27 11:37:44;185.8;12.03;19.191
2018-03-27 11:47:42;112.6;12.07;21.602
2018-03-27 11:57:41;141.76;12.12;18.088
2018-03-27 12:07:40;149.85;12.2;20.431
2018-03-27 12:17:37;124.45;12.35;17.915
2018-03-27 12:27:36;152.82;12.42;19.013
2018-03-27 12:37:35;184.43;12.15;19.243
2018-03-27 12:47:33;101.79;12.38;17.192
2018-03-27 12:57:31;107.56;12.26;17.754
2018-03-27 13:07:30;107.3;12.47;26.182
2018-03-27 13:17:30;75.67;12.44;19.809
2018-03-27 13:27:26;94.04;12.42;21.015
2018-03-27 13:37:23;52.06;11.97;25.838
2018-03-27 13:47:21;58.28;12.15;21.747
2018-03-27 13:57:19;56.78;12.03;24.766
2018-03-27 14:07:19;35.9;12.39;27.211
2018-03-27 14:17:17;59.57;12.02;27.959
2018-03-27 14:27:15;131.38;12.28;21.65
2018-03-27 14:37:14;103.97;12.34;22.292
2018-03-27 14:47:12;57.81;9.57;32.67
2018-03-27 14:57:11;148.4;12.11;19.346
2018-03-27 15:07:08;102.89;12.43;18.343
2018-03-27 15:17:07;61.25;12.41;27.227
2018-03-27 15:27:06;164.75;12.21;22.934
2018-03-27 15:37:04;155.9;12.32;20.161
2018-03-27 15:47:02;141.25;12.51;21.111
2018-03-27 15:57:01;79.49;12.44;21.93
2018-03-27 16:07:00;63.62;12.32;26.796
2018-03-27 16:16:57;146.57;12.49;17.59
2018-03-27 16:26:56;163.92;12.48;17.767
2018-03-27 16:36:55;137.67;12.3;19.77
2018-03-27 16:46:53;122.1;12.4;19.061
2018-03-27 16:56:50;144.65;12.39;19.246
2018-03-27 17:06:50;121.24;12.17;19.862
2018-03-27 17:16:48;39.79;12.35;29.822
2018-03-27 17:26:47;28.86;12.52;33.069
2018-03-27 17:36:44;99.61;12.3;21.141
2018-03-27 17:46:43;57.53;11.9;31.576
2018-03-27 17:56:41;35.64;12.28;35.374
2018-03-27 18:06:39;74.04;12.39;27.352
2018-03-27 18:16:38;114.0;12.49;24.746
2018-03-27 18:26:36;37.15;12.22;30.374
2018-03-27 18:36:34;54.49;12.48;27.186
2018-03-27 18:46:33;27.78;12.45;36.584
2018-03-27 18:56:31;102.92;11.85;21.498
2018-03-27 19:06:30;26.4;12.45;40.22
2018-03-27 19:16:29;28.98;12.05;34.025
2018-03-27 19:26:27;20.54;12.26;39.935
2018-03-27 19:36:26;22.1;12.3;38.306
2018-03-27 19:46:24;16.31;12.18;44.0
2018-03-27 19:56:23;16.22;12.14;50.276
2018-03-27 20:06:21;12.88;11.9;46.808
2018-03-27 20:16:20;13.29;12.04;55.744
2018-03-27 20:26:18;17.26;12.23;40.076
2018-03-27 20:36:17;10.27;12.15;46.843
2018-03-27 20:46:19;9.82;12.37;48.543
2018-03-27 20:56:14;10.01;12.34;50.733
2018-03-27 21:06:21;4.12;4.21;99.168
2018-03-27 21:16:18;9.35;12.27;33.899
2018-03-27 21:26:15;10.92;12.18;38.111
2018-03-27 21:36:16;8.91;11.87;36.817
2018-03-27 21:46:16;7.89;12.33;42.255
2018-03-27 21:56:17;7.65;11.87;37.135
2018-03-27 22:06:16;8.31;11.98;42.644
2018-03-27 22:16:16;8.7;11.92;41.935
2018-03-27 22:26:15;8.53;12.11;25.646
2018-03-27 22:36:16;7.79;12.23;33.35
2018-03-27 22:46:17;7.79;12.48;47.65
2018-03-27 22:56:17;8.93;12.31;36.011
2018-03-27 23:06:17;8.56;12.33;58.236
2018-03-27 23:16:16;10.22;11.88;35.184
2018-03-27 23:26:17;9.5;11.95;36.979
2018-03-27 23:36:17;11.84;12.13;52.262
2018-03-27 23:46:18;18.91;12.12;39.326
2018-03-27 23:56:16;17.18;12.47;34.444
2018-03-28 00:06:16;14.55;12.25;40.04
2018-03-28 00:16:18;26.76;12.44;26.434
2018-03-28 00:26:16;38.96;12.32;34.309
2018-03-28 00:36:16;65.58;12.41;30.731
2018-03-28 00:46:16;67.88;12.24;29.948
2018-03-28 00:56:17;46.79;12.29;27.255
2018-03-28 01:06:23;92.87;12.22;21.89
2018-03-28 01:16:17;80.55;12.23;28.186
2018-03-28 01:26:17;53.73;12.32;31.843
2018-03-28 01:36:16;96.72;12.27;19.289
2018-03-28 01:46:16;91.09;12.26;23.126
2018-03-28 01:56:16;164.74;12.37;18.086
2018-03-28 02:06:16;169.44;12.52;20.128
2018-03-28 02:16:16;189.21;12.27;19.535
2018-03-28 02:26:16;140.08;12.33;18.617
2018-03-28 02:36:21;195.21;8.25;17.616
2018-03-28 02:46:16;192.67;12.42;15.848
2018-03-28 02:56:16;192.06;12.37;18.628
2018-03-28 03:06:17;197.81;12.4;18.128
2018-03-28 03:16:17;166.18;12.44;18.156
2018-03-28 03:26:17;193.65;12.32;17.042
2018-03-28 03:36:17;190.42;12.28;17.097
2018-03-28 03:46:17;190.83;12.27;19.181
2018-03-28 03:56:17;198.16;12.19;17.946
2018-03-28 04:06:18;189.52;11.98;16.871
2018-03-28 04:16:18;187.24;12.24;17.951
2018-03-28 04:26:17;195.7;12.48;16.635
2018-03-28 04:36:17;186.94;12.24;16.948
2018-03-28 04:46:18;191.73;12.29;19.109
2018-03-28 04:56:24;195.59;12.49;16.21
2018-03-28 05:06:18;196.42;12.3;17.396
2018-03-28 05:16:18;189.45;12.32;15.968
2018-03-28 05:26:18;187.03;12.33;16.566
2018-03-28 05:36:21;194.92;12.15;15.001
2018-03-28 05:46:18;198.49;12.39;17.983
2018-03-28 05:56:18;196.13;12.39;16.328
2018-03-28 06:06:18;199.12;12.47;17.067
2018-03-28 06:16:19;191.2;12.52;17.773
2018-03-28 06:26:18;194.78;12.59;17.367
2018-03-28 06:36:19;187.33;12.4;17.973
2018-03-28 06:46:19;195.63;12.2;17.497
2018-03-28 06:56:19;194.89;11.9;18.701
2018-03-28 07:06:19;197.04;12.5;16.928
2018-03-28 07:16:19;187.91;12.05;18.301
2018-03-28 07:26:19;185.64;12.34;16.227
2018-03-28 07:36:19;196.39;12.37;17.162
2018-03-28 07:46:20;194.82;12.1;16.536
2018-03-28 07:56:22;189.12;12.05;18.64
2018-03-28 08:06:20;196.0;12.19;19.548
2018-03-28 08:16:19;167.8;12.25;18.05
2018-03-28 08:26:20;191.7;12.26;17.709
2018-03-28 08:36:20;194.75;12.44;17.918
2018-03-28 08:46:20;190.77;12.52;15.633
2018-03-28 08:56:20;186.14;12.32;17.635
2018-03-28 09:06:25;194.45;12.48;21.506
2018-03-28 09:16:18;195.08;12.08;18.963
2018-03-28 09:26:16;190.28;12.42;19.956
2018-03-28 09:36:13;167.79;12.32;17.889
2018-03-28 09:46:11;190.75;12.47;16.99
2018-03-28 09:56:10;160.32;12.64;18.285
2018-03-28 10:06:08;182.72;12.28;21.176
2018-03-28 10:16:07;168.95;12.24;18.519
2018-03-28 10:26:06;141.51;12.14;20.615
2018-03-28 10:36:05;173.51;12.32;21.725
2018-03-28 10:46:04;180.66;12.2;18.192
2018-03-28 10:56:02;158.56;12.25;20.301
2018-03-28 11:06:03;118.56;12.52;21.009
2018-03-28 11:16:04;164.81;12.28;21.125
2018-03-28 11:25:59;189.09;12.58;19.968
2018-03-28 11:35:58;197.05;12.45;18.897
2018-03-28 11:45:57;190.47;12.12;19.379
2018-03-28 11:55:55;187.25;12.24;21.825
2018-03-28 12:05:54;175.23;12.31;19.489
2018-03-28 12:15:53;74.2;12.3;19.65
2018-03-28 12:25:52;135.52;12.41;18.805
2018-03-28 12:35:50;118.4;12.48;18.825
2018-03-28 12:45:49;123.05;12.33;25.088
2018-03-28 12:55:48;153.84;12.39;22.188
2018-03-28 13:05:46;153.74;12.47;19.162
2018-03-28 13:15:45;173.45;12.34;19.066
2018-03-28 13:25:44;118.89;12.14;21.108
2018-03-28 13:35:42;51.08;12.21;20.157
2018-03-28 13:45:41;106.61;12.42;20.764
2018-03-28 13:55:40;159.34;12.21;23.559
2018-03-28 14:05:38;135.34;12.22;21.952
2018-03-28 14:15:38;53.78;7.07;23.875
2018-03-28 14:25:36;76.0;12.39;22.939
2018-03-28 14:35:35;133.11;12.54;26.456
2018-03-28 14:45:34;101.35;11.87;19.212
2018-03-28 14:55:34;36.61;12.28;38.285
2018-03-28 15:05:32;43.46;12.11;26.145
2018-03-28 15:15:31;56.06;12.27;25.938
2018-03-28 15:25:29;62.92;12.3;23.183
2018-03-28 15:35:27;57.0;12.35;21.837
2018-03-28 15:45:25;96.39;12.49;24.131
2018-03-28 15:55:23;155.36;12.23;21.177
2018-03-28 16:05:21;113.03;12.51;21.033
2018-03-28 16:15:19;65.15;12.16;21.738
2018-03-28 16:25:17;100.08;12.5;21.49
2018-03-28 16:35:16;103.49;12.37;28.222
2018-03-28 16:45:15;72.08;11.99;22.238
2018-03-28 16:55:15;87.47;11.92;22.927
2018-03-28 17:05:18;36.64;12.15;39.105
2018-03-28 17:15:12;25.81;12.29;34.091
2018-03-28 17:25:10;55.47;12.41;28.221
2018-03-28 17:35:09;34.08;12.24;34.724
2018-03-28 17:45:08;17.31;12.09;39.334
2018-03-28 17:55:07;17.64;11.77;40.19
2018-03-28 18:05:05;29.15;12.35;33.848
2018-03-28 18:15:06;20.07;12.12;48.766
2018-03-28 18:25:03;17.04;12.02;47.215
2018-03-28 18:35:02;17.51;12.27;39.873
2018-03-28 18:45:00;21.79;12.23;41.562
2018-03-28 18:54:59;21.57;12.09;46.376
2018-03-28 19:04:57;18.27;12.57;33.192
2018-03-28 19:14:57;21.28;12.04;40.923
2018-03-28 19:24:56;16.49;11.89;39.586
2018-03-28 19:34:54;17.12;12.23;36.423
2018-03-28 19:44:52;19.47;10.87;29.579
2018-03-28 19:54:53;10.74;12.39;51.147
2018-03-28 20:04:50;12.69;12.13;43.03
2018-03-28 20:14:49;11.85;12.14;54.433
2018-03-28 20:25:30;1.5;2.32;913.348
2018-03-28 20:34:51;8.86;12.41;45.352
2018-03-28 20:44:51;11.51;12.35;28.793
2018-03-28 20:54:52;11.39;12.16;36.215
2018-03-28 21:04:53;9.21;12.1;46.679
2018-03-28 21:14:53;8.64;12.47;53.054
2018-03-28 21:24:54;7.67;11.77;42.794
2018-03-28 21:34:57;7.49;12.08;44.512
2018-03-28 21:44:53;6.4;7.05;36.099
2018-03-28 21:54:54;7.56;12.38;35.269
2018-03-28 22:04:55;8.13;11.99;45.503
2018-03-28 22:14:56;6.49;11.81;47.64
2018-03-28 22:24:52;7.62;10.65;15.349
2018-03-28 22:34:51;6.82;9.9;14.068
2018-03-28 22:44:49;8.31;9.02;13.79
2018-03-28 22:54:48;9.23;9.27;22.383
2018-03-28 23:04:46;9.02;8.85;14.379
2018-03-28 23:14:47;8.65;11.87;39.417
2018-03-28 23:24:45;8.58;12.35;54.327
2018-03-28 23:34:43;10.48;12.13;50.046
2018-03-28 23:45:11;14.26;12.33;27.496
2018-03-28 23:54:39;11.7;12.09;30.128
2018-03-29 00:04:38;14.62;12.4;36.749
2018-03-29 00:14:37;17.64;11.87;35.294
2018-03-29 00:24:36;36.93;12.01;35.849
2018-03-29 00:34:37;39.28;12.33;33.761
2018-03-29 00:44:32;63.93;6.31;24.931
2018-03-29 00:54:31;75.34;12.52;26.368
2018-03-29 01:04:30;64.53;12.34;28.325
2018-03-29 01:14:29;94.42;11.9;23.35
2018-03-29 01:24:27;79.35;12.32;23.89
2018-03-29 01:34:26;93.26;12.43;23.295
2018-03-29 01:44:25;124.16;11.95;20.036
2018-03-29 01:54:23;130.23;12.02;21.744
2018-03-29 02:04:22;95.38;12.39;23.52
2018-03-29 02:14:21;120.19;12.27;20.213
2018-03-29 02:24:20;146.87;12.37;21.194
2018-03-29 02:34:19;128.11;12.53;19.401
2018-03-29 02:44:18;169.46;12.31;19.312
2018-03-29 02:54:16;191.42;12.2;18.243
2018-03-29 03:04:15;182.36;12.27;18.996
2018-03-29 03:14:14;187.43;12.26;16.472
2018-03-29 03:24:13;194.95;12.34;21.759
2018-03-29 03:34:12;195.36;12.19;17.44
2018-03-29 03:44:11;196.93;12.3;16.497
2018-03-29 03:54:10;186.86;12.28;17.051
2018-03-29 04:04:08;186.25;11.96;20.475
2018-03-29 04:14:08;186.69;11.69;18.892
2018-03-29 04:24:06;196.98;12.08;18.172
2018-03-29 04:34:05;186.39;12.51;17.597
2018-03-29 04:44:04;193.66;12.39;15.779
2018-03-29 04:54:02;183.32;12.25;16.864
2018-03-29 05:04:01;196.02;12.51;14.559
2018-03-29 05:14:00;194.28;12.32;19.372
2018-03-29 05:23:59;192.18;12.43;17.616
2018-03-29 05:33:58;192.79;12.16;17.094
2018-03-29 05:43:57;177.26;12.43;15.499
2018-03-29 05:53:56;195.5;12.19;20.217
2018-03-29 06:03:55;192.24;12.23;17.113
2018-03-29 06:13:54;195.96;12.37;17.237
2018-03-29 06:23:53;184.65;12.1;17.828
2018-03-29 06:33:52;195.14;12.31;16.039
2018-03-29 06:43:50;195.16;12.65;22.182
2018-03-29 06:53:49;192.59;12.46;18.545
2018-03-29 07:03:48;194.3;12.39;18.536
2018-03-29 07:13:47;191.77;12.45;17.424
2018-03-29 07:23:47;189.24;12.38;16.911
2018-03-29 07:33:45;177.64;12.51;16.825
2018-03-29 07:43:43;187.96;12.29;20.702
2018-03-29 07:53:43;183.33;12.55;17.545
2018-03-29 08:03:42;187.56;12.37;17.736
2018-03-29 08:13:40;194.08;12.29;16.94
2018-03-29 08:23:39;194.78;12.3;18.371
2018-03-29 08:33:37;186.84;12.41;17.509
2018-03-29 08:43:36;169.96;12.44;17.66
2018-03-29 08:53:35;187.08;12.42;20.426
2018-03-29 09:03:32;176.49;12.2;17.349
2018-03-29 09:13:34;188.42;12.48;16.231
2018-03-29 09:23:34;184.81;12.11;19.655
2018-03-29 09:33:34;177.94;12.48;16.235
2018-03-29 09:43:35;185.79;12.01;19.215
2018-03-29 09:53:35;185.61;12.34;18.471
2018-03-29 10:03:35;158.18;12.69;19.965
2018-03-29 10:13:35;183.51;12.22;17.234
2018-03-29 10:23:35;192.47;12.08;18.819
2018-03-29 10:33:35;156.38;12.19;18.039
2018-03-29 10:43:36;185.34;12.24;20.288
2018-03-29 10:53:36;168.17;12.33;18.455
2018-03-29 11:03:36;184.14;12.33;19.922
2018-03-29 11:13:37;166.98;12.04;17.093
2018-03-29 11:23:37;93.45;12.43;19.915
2018-03-29 11:33:37;182.08;12.15;19.376
2018-03-29 11:43:37;193.93;12.17;17.696
2018-03-29 11:53:37;187.18;12.54;18.174
2018-03-29 12:03:37;190.62;12.2;18.678
2018-03-29 12:13:38;103.25;12.33;25.854
2018-03-29 12:23:38;119.38;12.25;18.748
2018-03-29 12:33:39;172.39;12.2;18.188
2018-03-29 12:43:39;181.63;12.17;17.356
2018-03-29 12:53:39;181.91;12.29;19.374
2018-03-29 13:03:40;148.81;12.29;18.893
2018-03-29 13:13:41;166.75;12.4;19.24
2018-03-29 13:23:42;192.61;12.42;17.719
2018-03-29 13:33:44;180.54;10.64;18.701
2018-03-29 13:43:46;177.19;12.32;18.781
2018-03-29 13:53:48;151.28;12.03;18.865
2018-03-29 14:03:50;176.08;11.92;17.719
2018-03-29 14:13:51;168.98;12.32;18.836
2018-03-29 14:23:53;180.34;12.42;19.428
2018-03-29 14:33:55;177.47;12.14;21.209
2018-03-29 14:43:56;186.47;12.21;18.2
2018-03-29 14:53:56;159.56;12.04;17.532
2018-03-29 15:03:56;132.1;11.95;25.045
2018-03-29 15:13:56;169.09;12.12;18.228
2018-03-29 15:23:56;187.07;12.03;18.722
2018-03-29 15:33:57;163.22;12.12;20.07
2018-03-29 15:43:57;190.11;12.16;18.197
2018-03-29 15:53:58;187.83;12.48;18.367
2018-03-29 16:03:57;184.42;12.36;17.461
2018-03-29 16:13:58;171.48;12.29;22.179
2018-03-29 16:23:59;187.83;12.3;22.486
2018-03-29 16:33:59;177.51;12.27;17.811
2018-03-29 16:43:59;184.14;11.95;18.531
2018-03-29 16:53:59;177.43;12.31;17.408
2018-03-29 17:04:00;156.85;12.4;19.736
2018-03-29 17:14:02;85.32;12.43;24.714
2018-03-29 17:24:02;84.65;12.27;19.302
2018-03-29 17:34:02;125.59;12.33;21.145
2018-03-29 17:44:03;111.38;12.37;20.407
2018-03-29 17:54:03;98.61;12.07;25.692
2018-03-29 18:04:03;173.65;12.57;19.845
2018-03-29 18:14:05;57.17;12.22;25.387
2018-03-29 18:24:05;32.96;12.51;42.773
2018-03-29 18:34:05;68.6;12.3;21.446
2018-03-29 18:44:05;58.16;11.98;29.07
2018-03-29 18:54:05;99.62;12.34;22.21
2018-03-29 19:04:06;30.05;12.05;33.181
2018-03-29 19:14:05;105.57;12.5;19.61
2018-03-29 19:24:06;38.19;12.41;33.748
2018-03-29 19:34:07;42.78;12.42;28.28
2018-03-29 19:44:07;20.73;11.95;40.443
2018-03-29 19:54:07;40.6;12.19;28.423
2018-03-29 20:04:08;25.96;11.97;41.045
2018-03-29 20:14:08;27.83;12.17;40.386
2018-03-29 20:24:09;20.97;12.26;44.679
2018-03-29 20:34:09;14.82;11.88;55.763
2018-03-29 20:44:09;17.36;12.0;31.736
2018-03-29 20:54:09;20.06;12.35;31.978
2018-03-29 21:04:11;13.62;12.35;52.039
